{
  "project_info": {
    "project_number": "528321730787",
    "project_id": "birdwatching-8e5bf",
    "storage_bucket": "birdwatching-8e5bf.firebasestorage.app"
  },
  "client": [
    {
      "client_info": {
        "mobilesdk_app_id": "1:528321730787:android:cbc4e60b76bfec02494dd6",
        "android_client_info": {
          "package_name": "com.example.birdwatch2"
        }
      },
      "oauth_client": [],
      "api_key": [
        {
          "current_key": "AIzaSyDo6GH5nJUl0X05a8zG37_Ao6U3ASYhdzk"
        }
      ],
      "services": {
        "appinvite_service": {
          "other_platform_oauth_client": []
        }
      }
    },
    {
      "client_info": {
        "mobilesdk_app_id": "1:528321730787:android:11f30068648edb58494dd6",
        "android_client_info": {
          "package_name": "com.example.birdwatching"
        }
      },
      "oauth_client": [],
      "api_key": [
        {
          "current_key": "AIzaSyDo6GH5nJUl0X05a8zG37_Ao6U3ASYhdzk"
        }
      ],
      "services": {
        "appinvite_service": {
          "other_platform_oauth_client": []
        }
      }
    }
  ],
  "configuration_version": "1"
}